sourceFirstName,sourceLastName,rmpId,rmpFirstName,rmpLastName
Aaminah O,Durrani,,,
Aaron E,Reynolds,,,
Aaron Frederick,Ott,,,
Aaron James,Corsi,,,
Aaron Mathew,Duplantier,,,
Aaron Michael,Levine,,,
Aaron Nicholas,Drucker,,,
Aaron Ross,McEuen,,,
Aaron Samuel,Freedkin,2675578,Aaron,Freedkin
Aaron Seth,Krohn,,,
Aaron T,Becker,,,
Aaron-Andrew P,Bruhl,,,
Abbas Ali,Daneshy,,,
Abbey H,Simon,,,
Abbey Marie,Bachmann,,,
Abby S,Hodge,,,
Abdel Razzaq,Takriti,2643458,Abdel,Takriti
Abdullah,Al Mamun,,,
Abigail C.,Estillore,,,
Abigail E,Candelari,,,
Abraham Anene,Ntonya,,,
Abu M,Baker,2491956,Abu,Baker
Abul Bashar Mahmud,Hasan,,,
Acho Kelechi,Azuike,,,
Adam C,Hutchison,,,
Adam C,Wells,,,
Adam David,Cowart,,,
Adam Joshua,Stephens,,,
Adam Kent,Fetterman,,,
Adam L,Dinitz,,,
Adam S,Noble,,,
Adam W,Winters,,,
Adam Wayne,Perdue,,,
Adam Zachary,Crosson,,,
Adeline Elizabeth,Pawlick,,,
Adrian Pastor,Lopez Monroy,2444375,Adrian,Lopez-Monroy
Adriana Marcella,Meade,,,
Agnes L,DeFranco,1851907,Agnes,Defranco
Ahmad,Sakhaee Pour,2576806,Ahmad,Sakhaee-Pour
Ahmed A,Alim,1031584,Ahmed,Alim
Ahmed M,Ibrahim,,,
Ahmed Nawal,Ahsan,,,
Aidan John,Smerud,,,
Airy Sindik,Mejia Lara,,,
Aisen Carolina,Chacin,,,
Akilah A,Reynolds,,,
Alaina B,Diehl,,,
Alan Aldo,Veliz-Cuba,1928916,Alan,Veliz-Cuba
Alan D,Lish,,,
Alan E,Hicks,,,
Alan J,Dettlaff,,,
Alan K,Haynes,2192368,Alan,Haynes
Alan M,Thompson,,,
Alan P,Bruton,,,
Alan R,Burns,2284693,Alan,Burns
Alan S,Austin,,,
Alana Dyan,Hatley,,,
Alana Elizabeth,Aleman,,,
Albert B,Flavier,,,
Albert F,Meza,,,
Albert M K,Cheng,,,
Alexa L,Vyain,,,
Alexa Vyain,Zhao,,,
Alexander A,Bruton,2212268,Alexander,Bruton
Alexander C,Hunt,,,
Alexander C,Nazzari di Calabiana Willan,,,
Alexander C,Robinson,,,
Alexander Emmitt Maurice,Johnson,,,
Alexander F,Schilt,,,
Alexander J,Lara,2393089,Alex,Lara
Alexander L,Kaplan,,,
Alexander M,Parsons,,,
Alexander V,Mamonov,,,
Alexander V,Statsyuk,,,
Alexander Wade,Obregon,,,
Alexander William,Tawse,,,
Alexandra Hanson,Treviño,,,
Alexandra Isabel,Naumann,2228002,Alexandra,Naumann
Alexandra L,Whittington,,,
Alexandria E,Castillo,2058014,Alexandria,Castillo
Alexandria Marisol,Posada,,,
Alexandria Simone,Williams,,,
Alexey Valeryevich,Golubev,,,
Alexis Jillian,Hoey,,,
Alexis Jillian,Jamieson,,,
Alexis Lee,Rose,,,
Alfonso,Lopez De La Osa Escribano,,,
Alfonso,Lopez de la Osa Escribano,,,
Alfred G,Coleman,2046093,Alfred,Coleman
Ali K,Kamrani,518869,Ali,Kamrani
Ali N,Dhanani,,,
Ali N.,Dhanani,,,
Alice Talbert,Ledford,,,
Alicia D,Knight,,,
Alicia Graf,Mack,,,
Alisha D,Loftin,,,
Alisha Nicole,McCracken,,,
Alison L,Christy,,,
Alison M,Sulentic,,,
Alison Marie,McDermott,,,
Alison Von Bergen,Wells,,,
Alison W,Leland,,,
Alissa A,James,,,
Alissa N,Christopherson,,,
Alissa R,Gomez,,,
Alix V,Zachow,,,
Allan J,Jacobson,230417,Allan,Jacobson
Allegra Monnee,McGrew,,,
Allison Blair,Martir,,,
Allison L,Milner,,,
Allison L,Robinson,2056331,Allison,Robinson
Allison M,Tringale,,,
Allison Marie Sawyer,Verhaak,,,
Allison Michelle Nam,Archer,,,
Allison N,Clark,,,
Allison N,Winnike,,,
Allison Nicole,Yakel,2251474,Allison,Yakel
Allison Rose,Miller,,,
Allison S,Tsao,,,
Allyson H,Kinzel,,,
Amanda C,Chow,,,
Amanda Cristina,Venta,,,
Amanda E,Child,,,
Amanda H,Dean,,,
Amanda K,Baumle,,,
Amanda Lee,Cobb,,,
Amanda Marie,Belarmino,,,
Amanda Marie,Rudd,,,
Amanda Marie Sanchez,Garza,,,
Amanda P,Schilling,,,
Amanda R,Boyaki Wilson,,,
Amanda Sherron,Barbee,,,
Amanda Sue,Robbins,,,
Amanda Victoria,Ellis,,,
Amanda Wynn,Ware,,,
Amandelin A,Valentine,2457896,Amandelin,Valentine
Ambainesh G,Berhe-Nardari,,,
Amber Gaume,Giannoni,,,
Amber L,Rabo,,,
Amber L,Thiessen,,,
Amber M,Thompson,,,
Amber Mayo,Mollhagen,,,
Amber Papuga,Pozo,,,
Amber Yvonne,Stepanik,,,
Amelia D,Coffman,,,
Amelia Kartikasari,Sofjan,,,
Amelie Benear,Carlton,1107869,Amelie Benear,Carlton
Amit R.,Amritkar,,,
Ammar Muneer A,Aboalsaud,,,
Amna Ansari,Martinez,,,
Amparo Amy,Gasca,,,
Amy D,Mulholland,,,
Amy Elizabeth,Bruce,,,
Amy Elizabeth,Hawk,,,
Amy Elizabeth,Tan,,,
Amy Elizabeth,Wright,,,
Amy K,Cantu,,,
Amy L,Vandaveer,,,
Amy M,O'Neal,,,
Amy P,Lipke,,,
Amy R,Poerschke,,,
Amy S,Nyberg,1968744,Amy,Nyberg
Amy Sladczyk,Hancock,,,
Ana C,Goni-Lessan,,,
Ana Emilia,Felker Centeno,2312586,Ana Emilia,Felker Centeno
Ana I,Medrano,,,
Ana Linda,Sergio Da Silva,,,
Ana M,Perez,,,
Ana Maria,Otamendi,2023415,Ana Maria,Otamendi
Anastas F,Pass,,,
Anders M,Strom,,,
Anderson Okechukwu,Okonkwo,,,
Andra Olivia,Miljanic,2204179,Andra,Miljanic
Andre,Cardoso Barato,2506950,Andre,Barato
Andrea Backscheid,Burridge,,,
Andrea E,McDonald,,,
Andrea Gail,Lazar,,,
Andrea Kathryn,Eckelman,1998574,Andrea,Eckelman
Andrea L,Potthoff,,,
Andrea Nicole,Brooks,,,
Andreea Emanuela,Sutu,,,
Andrei S,Torok,,,
Andres A,Utting,2540026,Andres,Utting
Andres Felipe,Roa,,,
Andres G,Viana,2171624,Andres,Viana
Andrew C.,Davis,,,
Andrew Charles,Michaels,,,
Andrew D,Brown,,,
Andrew D,Szilagyi,227038,Andrew,Szilagyi
Andrew E,Nelson,,,
Andrew H,Rogers,2693359,Andrew,Rogers
Andrew J,Gordon,,,
Andrew J,Ostlund,,,
Andrew Jeremy,Slaughter,,,
Andrew John,Grant,,,
Andrew Jones,Kinzler,,,
Andrew Joseph,Pegoda,1396106,Andrew,Pegoda
Andrew Justin,Kudless,,,
Andrew L,Hamilton,2399343,Andrew,Hamilton
Andrew Lewis,Hines,,,
Andrew Lonnie,Sikes,,,
Andrew M,Kozma,,,
Andrew P,Daire,,,
Andrew Paul,Staupe,,,
Andrew Philip,Weinstein,2701642,Andrew,Weinstein
Andrew S,Rosenblatt,,,
Andrew Trent,Shefman,,,
Andrew W,Vrana,,,
Andrey Vladimirovich,Skripnikov,,,
Anees A,Banday,1330240,Anees,Banday
Angela C,Geurin,,,
Angela Cristina,Contreras de Wise,,,
Angela L,Miller,,,
Angela L,Richardson,,,
Angela M,Brown,,,
Angela M,Powell,,,
Angela Suzanne,Odensky,,,
Angela Vanessa,Velasquez,,,
Angelica Marie,Roncancio,,,
Angelo Michael,DiBello,,,
Angelynn Reario,Alvarez,2065313,Angelynn,Alvarez
Angie Sue,Leroy,2087879,Angie,Leroy
Angus J,MacNeil,,,
Anima B,Bose,1894224,Anima,Bose
Anita M,Kerin,,,
Anita Ranae,Schulte,,,
Anita Ruth,Perez,,,
Anita Ticak,Gostovic,,,
Anjali H,Kanojia,,,
Anka Anna,Vujanovic,,,
Ann C,Christensen,1288056,Ann,Christensen
Ann Carol,Svendsen-Sanchez,,,
Ann E,Webb,2423376,Ann,Webb
Ann Gabriel,Kroger,,,
Ann M,Economou-Clarke,,,
Ann Oliver,Cheek,,,
Ann T,Tate,,,
Anna C,Langley,1971627,Anna,Langley
Anna Felicia,Ablamowicz,,,
Anna M,Archer,,,
Anna Marie,Anderson,,,
Anna Marisa,Schoen,2641093,Anna,Schoen
Anna P,Newman,,,
Anna Patricia,Hawkins,,,
Anna W,Mayer,,,
Anna-Kaye M,Logan,,,
Anne C,Reitz,,,
Anne C.,Reitz,,,
Anne D,Colbert,,,
Anne Douglas,Selcer,,,
Anne J,Gonzales-Luna,,,
Anne M,Sullivan,,,
Anne M,Tucker PhD,,,
Annetta L,Lasley,2322921,Annetta,Lasley
Annetta L.,Lasley,,,
Annette M,Fuller,1886444,Annette,Fuller
Annette M.,Fuller,1886444,Annette,Fuller
Annette Michelle,Zapata,,,
Annie A,Arnoult,,,
Annie Lynn,Smalley,,,
Anthony C,Tangeman,,,
Anthony G,Dworkin,,,
Anthony Giraud,Chevalier,,,
Anthony J,Box,2565562,Anthony,Box
Anthony M,Pearson,,,
Anthony Martin,Aucoin,,,
Anthony Michael,Indelicato,,,
Anthony Ray,Chase,,,
Anthony Robert,Timmins,,,
Anthony Robert,Zupancic,,,
Anthony T,Kitai,,,
Anthony V,Caterina,,,
Antoine M,Lebeaut,,,
Antonio Coronel,Elefano,,,
Antwanette Norbert,Hill,,,
April Ann,Strahan,,,
April Chevelle,Day,,,
April Lyman,Williams,,,
April M,Rumgay,,,
Arch Andrew,Sawyer,,,
Archie L,Blanson,,,
Arielle Lanae,Akines,,,
Arlene D,Ramirez,,,
Arnea Kendrea,Williams,,,
Arnold,Rochvarg Ross,,,
Arnold C,Ross,,,
Arnold M,Guloy,,,
Arthur B,Weglein,,,
Arthur D.,Santana,1940574,Arthur,Santana
Arthur Herman,Hale,,,
Arthur John,Francia,,,
Arthur M.,Dula,,,
Arthur Ray,McCrory,,,
Arturo E,Hernandez,,,
Ashley D.,Mills,,,
Ashley Delara,DeHoyos,,,
Ashley Elizabeth,Fox,,,
Ashley L,Dewalt,,,
Ashley L,Wurzbacher,,,
Ashley Lewis,Dewalt,,,
Ashley Louis,DeWalt,,,
Ashley Marie,Salaiz,2121382,Ashley,Salaiz
Ashley Marissa,Ochoa,,,
Ashley Nicole,Arrington,,,
Ashlie Meghan,Contos,,,
Ashlie Victoria,Llorens,,,
Audra Diane,Ude PhD,,,
Audrey A,Colombe,,,
Augustina C,Lozano,,,
Auliya Judith,Flory,,,
Austin Isaac,De La Cruz,,,
Austin S,Brake,,,
Austin T,Tremblay,,,
Autumn Fawn,Raynor,,,
Autumn L,McIlraith,,,
Ava King,Humme,,,
Avery Vonn,Kenyatta,,,
Ayana R,Abdallah,,,
Aza R,Pace,,,
Azizah Curry,Iluore,,,
Bailey S,Stone,227471,Bailey,Stone
Bakeyah Shameen,Nelson,,,
Bal Krishna,Bal,2104259,Bal,Bal
Barbara A,Carlin,,,
Barbara Jean,Stalder,,,
Barbara L,Stewart,,,
Barbara Rose,Lange,,,
Barbara V,Rivas,,,
Barbett L,Brashear,,,
Barry Albert,Wood,,,
Barry Gabriel,Martinez,,,
Barry Jon,Shaulis,,,
Basheer M,Khumawala,,,
Beatriz,De Angulo,,,
Beau Andrew,Alward,,,
Bec Sokha,Keo,,,
Belinda Gayle,Amaya,2248434,Belinda,Amaya
Belinda J,Hill,,,
Ben H,Jansen,,,
Ben L.,Aderholt,,,
Benjamin Alan,Alcaraz,,,
Benjamin J,Tamber-Rosenau,,,
Benjamin Kaj,Tanaka,,,
Benjamin P,Good,,,
Benjamin S,Carpenter,,,
Benjamin Singh,Soibam,,,
Benjamin Taylor,Rayder,,,
Benjamin W,Hadden,,,
Bent E,Sorensen,,,
Beom Chan,Lee,2015867,Beom,Lee
Bernadette De Leon,Asias-Dinh,,,
Bernard J,McIntyre,,,
Bernard R,Robin,,,
Bernhard G,Bodmann,1928923,Bernhard,Bodmann
Bernice A,Heilbrunn,,,
Beth Anne,Hattier,,,
Beth M,Olson,,,
Bethanie Catherine,Pletcher,,,
Betsabeth Monica,Lugo Lopez,,,
Betsy L,Gelb,,,
Betty Harden,Shaw,,,
Betty J,Proctor,,,
Beverly A,McPhail,,,
Beverly Ann Ryan,Robertson,,,
Beverly F,Barrett,,,
Beverly J,Rodgers,,,
Beverly J.,Rodgers,,,
Beverly M,Brown,2473761,Beverly,Brown
Bhargav Ram,Karamched,,,
Bhavin R.,Sheth,,,
Biko Mandela,Gray,1979114,Biko,Gray
Billy J,Hawkins,,,
Billy Scott,Reed,,,
Binay,Anand PhD,,,
Binod K,Sapkota,,,
Blaine A,Lewis,,,
Blaine J,Cole,,,
Blake A,Allan,,,
Blake M,Wilkins,,,
Blake Stevens,Mudd,,,
Bob A,Hardage,,,
Bobbie A,Dirr,,,
Bobbie Sue S,Schindler,2346556,Bobbie,Schindler
Bobby Dwight,Butler Jr,,,
Boblawende Jean,Kabore,,,
Bolivar M,Fraga,,,
Bonnie Jean,Byrne,,,
Bonnie Jeanne,Dunbar,,,
Brad A,Swarts,,,
Brad T,Wyly,,,
Bradford M,Day,,,
Bradley Alexander,Kerl,,,
Bradley Allan,Areheart,,,
Bradley D,Miller,,,
Bradley K,McConnell,,,
Bradley W,Carpenter PhD,,,
Brandie L,Mitchell,,,
Brandie Nichole,Rankin,,,
Brandin A,Munson,,,
Brandin Andrew,Munson,,,
Brandon Dean,Lamson,2183496,Brandon,Lamson
Brandon Francis,Renken,,,
Brandon J,Carlos,,,
Brandon J,Rottinghaus,,,
Brandon Keith,Carroll,,,
Brandon Scott,Greenfield,2488347,Brandon,Greenfield
Brandon W,Duke,,,
Brandwyn C,Lerman,,,
Brandy Michelle,Pina-Watson,,,
Brant Alan,Johnson,,,
Bredo C,Johnsen,,,
Brendan C,Stephens,,,
Brenden C,Oliva,,,
Brent Robert,LoCaste-Wilken,,,
Bret James,Detillier,,,
Brett Andrew,Singer,,,
Brett Duane,Linski,,,
Brett J,Geiger,,,
Brett T,Olmsted,,,
Brian Anthony,Apicella,2629285,Brian,Apicella
Brian B,McWilliams,2471146,Brian,McWilliams
Brian C,Mahon,,,
Brian Darnell,Biekman,,,
Brian Edward,Malechuk,,,
Brian George,Mehring,,,
Brian J,Knoll,,,
Brian J,Suits,,,
Brian Keith,Kauk,,,
Brian Lee,Compton,,,
Brian M,Walker,1779073,Brian,Walker
Brian N,Iken,,,
Brian R,Duncan,,,
Brian R,Gaudet,,,
Bridget Yvonne Diggs,Fernandes,,,
Bridgette V,Rooney,,,
Bridgette Veronica,Rooney,,,
Bridgid Jane,Tragesser,,,
Brittany Anne,Ruhmann,,,
Brittany C,Slatton,,,
Brittany Chevon,Slatton,,,
Brittany L,Hancock,1809023,Brittany,Hancock
Brittney Donielle,Pettis,,,
Brittney Eileen,Thomas,2373630,Brittney,Thomas
Brooke A,Bartlett,,,
Brooke E,Medina,,,
Brooks W,Howell,,,
Bruce A,Hunt,,,
Bruce Alan,Race,,,
Bruce E,Onofrey,,,
Brunessia W,Lewis,,,
Brunessia Wilson,Lewis,,,
Bruno,Rios Martinez De Castro,,,
Bruno,Rios Martinez de Castro,,,
Bruno G,Breitmeyer,,,
Bryan C,Butler,,,
Bryan M,Artman,,,
Burnis Charles,Peters,1442669,Burnis (charles),Peters
Byron Ernst,Hanssen,,,
Byron Kendall,Freelon,2637416,Byron,Freelon
Byron L,Ross,,,
C Brene,Brown,,,
C Mauricio,Escobar,,,
Caitlin Ginn,Weiss,2290625,Caitlin,Weiss
Caitlin Mary,Maling,,,
Cal M,Hitchman,,,
Cal M,Hitchman Sr,,,
Calvin E,Pepper,,,
Cameron J,Buckner,,,
Cameron Kade,Kubos,2188820,Cameron,Kubos
Cameron Scott,White,,,
Camilla Stine,Overup,,,
Camille Erika,Kapoor,,,
Camilo Hannibal,Smith,2607760,Camilo,Smith
Cammy Henson,Dunford,,,
Candice A,Alfano,2324452,Candice,Alfano
Candice R,Ashley,,,
Caralee Georgianna,Jones-Obeng,,,
Carey Ann,Worrell,,,
Carey David,Hargrove,,,
Carl A,Boger Jr,,,
Carl Chapman,Welch,,,
Carl Chet,Miller,,,
Carl E,Taylor,,,
Carl P,Carlucci,,,
Carl P,Scott,,,
Carl R,Lindahl,,,
Carla D,Jones,,,
Carla Denise,Ferrell,,,
Carla M,Burris,,,
Carley M,Shinault,,,
Carlo M,Cotrone,,,
Carlos A.,Ortega,,,
Carlos Alberto,Ortega,,,
Carlos Alberto,Rincon Castro,,,
Carlos David,Martinez,,,
Carlos Eduardo,Romero,,,
Carlos Fernando,Cuellar,,,
Carlos L,Cantu,,,
Carlos M.,Ortiz Marrero,,,
Carlos R,Phillips II,,,
Carlos Raidel,Naranjo,,,
Carlos Virgilio,Zurita,,,
Carlton M,Downey,,,
Carly M,Jones,,,
Carmen Christine,Borrett,,,
Carmen M,Alston PhD,,,
Carmen M,Roe,,,
Carmen M.,Alston PhD,,,
Carmen Melanie,Champion,,,
Carol A,Booth,,,
Carol Ann,Dwyer,,,
Carol B,Cooper,,,
Carol B,Stach,,,
Carol B.,Cooper,,,
Carol Barclay,Brace,,,
Carol Louise,Harkness,,,
Carol M,Markello,,,
Carol Mae Green,Markello,,,
Carole Jean,Poindexter-Sylvers,,,
Carole Peterson,Goodson,,,
Carolina A,Villarroel,,,
Carolina E.,Alonso,,,
Caroline E,Baker,,,
Caroline Frances,Goeser,,,
Caroline Gray,Sharpless,,,
Caroline Susan,Roberts,,,
Carolyn A,Miles,,,
Carolyn Ann,Lightfoot,,,
Carolyn Houston,Boone,,,
Carolyn Jane,Hays,,,
Carolyn Jo,Kundiger,,,
Carolyn R,Carman,,,
Carrie Allyson,Schaff,,,
Carrie Elizabeth,Goodin-Mayeda,,,
Carrie Reid,Young,2506077,Carrie,young
Carrie Sybil,Cutler,,,
Carter L,Franklin II,,,
Caryn A,Honig,,,
Caryn M,Tamber-Rosenau,,,
Casey L,Due Hackney,,,
Cassandra,Jeu Tebbano,,,
Cassandra Giana,Khatri,,,
Catherine Burch,Graham,,,
Catherine E,Jockell,,,
Catherine F,Patterson,,,
Catherine K,Weber,1935531,Catherine,Weber
Catherine L,Hammack,,,
Catherine L,Hatfield,,,
Catherine L,Turk,,,
Catherine Lynn,Horn,,,
Catherine Mary,Cosgrove,,,
Cathryn Walker,White,,,
Cathy A,Cheatham,1857357,Cathy,Cheatham
Cathy Dawn,Poliak,,,
Cathy Denise,Rushing,,,
Cathy L.,Kemper,,,
Cathy Michelle,Williams,,,
Cathy S,Hunt,,,
Cathy Susan,McCormack,,,
Cecil J,Bendy Jr,,,
Cecilia C,Felix,2641458,Cecilia,Felix
Cecilia Marie,Williams,,,
Cedrick E,Toliver,,,
Cedrina Knight,Averette,,,
Celeste P,Woodfill,2630464,Celeste,Ponce-Woodfill
Celeste Ponce,Woodfill,2630464,Celeste,Ponce-Woodfill
Celine Madeleine Alice,WILSON,,,
Cesar A,Seveso,,,
Chad A,Wilson,,,
Chad Alan,Disch,,,
Chad M,Jones,1785517,Chad,Jones
Chad M,Wayne,,,
Chad R,Larson,,,
Chad T,Dolan,,,
Chan Q,Huynh,,,
Chandra R,Hall,,,
Chanelle Marie,Benz,,,
Charis Renee,Ammon,,,
Charissa Alexandra,Samaniego,,,
Charles A,Crixell,,,
Charles Andrew,Zuppann,,,
Charles Arthur,Thorp,,,
Charles D,Becker,,,
Charles D,Brown,,,
Charles Damian,Shaw,,,
Charles David,Mills,,,
Charles David,Pereira,,,
Charles E,Dupre,,,
Charles Edward,Allen,,,
Charles Eugene,Beyl,,,
Charles G,Cooper,,,
Charles Heller,Brownman,,,
